{
  "main.js": {
    "src": "js/main-fbb9c8b0.bundle.min.js",
    "integrity": "sha512-a2U9t8fDfYhGDxgtKVGnpqn5xiV2TZUXIko+ssEDtNhykeqGTRNCAnfvR78chHjMcgjDfsJaLVCmtxFaHN48Qw=="
  },
  "colortheme.js": {
    "src": "js/colortheme-d3e4d351.bundle.min.js",
    "integrity": "sha512-HpQogL/VeKqG/v1qYOfJOgFUzBnQvW4yO4tAJO+54IiwbLbB9feROdeaYf7dpO6o5tSHsSZhaYLhtLMRlEgpJQ=="
  },
  "mermaid.js": {
    "src": "js/mermaid-39217439.bundle.min.js",
    "integrity": "sha512-rGpgzfuXzqGoW/vOi2ZCPc02LJ8hXnhBytPITj1ptldIVRTEKutAvF0sHD9+C7nAk42FZneEWVaor3FF1QGLIg=="
  },
  "katex.js": {
    "src": "js/katex-d4d5881d.bundle.min.js",
    "integrity": "sha512-M8CLtMTu/HVXo11Et+lv3OqPanLf5Bl+GljNAn2yQuLclg/ZpZK1KUpHDRsZJhmkhCcCH90+bVj5CW3lLlmBgg=="
  },
  "search.js": {
    "src": "js/search-83320133.bundle.min.js",
    "integrity": "sha512-CwGkjWp7KsLGb36oWvVd0rLIzoUlHyaE6vAAciDmALP2/NgxSc/ue1skuL9vSbUZPmF2N2UduWcM0Mda6N6u1w=="
  },
  "js/637-ae48f964.chunk.min.js": {
    "src": "js/637-ae48f964.chunk.min.js",
    "integrity": "sha512-K7jA561UTkhrrUOeK+dgWUFbZDH6LNU8136bikDQUHNp5nndPmYUJAMiZ2Z6RDGlxi+i9SZEAM5UBEqx+FPeDw=="
  },
  "js/116-341f79d9.chunk.min.js": {
    "src": "js/116-341f79d9.chunk.min.js",
    "integrity": "sha512-F7tq1KsF5mnJl0AAA6x2jZcx8x69kEZrUIZJJM4RZ1KlEO79yrrFHf4CZRvhNrYOxmkBpkQ84U9J0vFtRPKjTw=="
  },
  "js/788-203e2b4b.chunk.min.js": {
    "src": "js/788-203e2b4b.chunk.min.js",
    "integrity": "sha512-I67qtpOBIn5MldS26/fWOuvJSMqY2UH4Dl57Xn15wBb9+HRF7CNANkiqB2Nhnh210pw4Qt8LHMlEx6oucQXYeA=="
  },
  "js/612-dbfedf18.chunk.min.js": {
    "src": "js/612-dbfedf18.chunk.min.js",
    "integrity": "sha512-rfPvI6wQJe8xnzgNyx2Me+Nt17It5cpK8oK0IAg559d4HLZ+OB8uwtoSXBFiTD/mYzmu99zBpkmlb6Q6MGg5/w=="
  },
  "js/305-dbbd6d45.chunk.min.js": {
    "src": "js/305-dbbd6d45.chunk.min.js",
    "integrity": "sha512-zpjmS9iYtHFqgCjH/WKYfcbbLX7Hv5D85CiqoFR0+SBHEttHX4vy3NgCp0T4XAL5gyX+2a0ekIP9gPERxynboA=="
  },
  "js/437-477b9f49.chunk.min.js": {
    "src": "js/437-477b9f49.chunk.min.js",
    "integrity": "sha512-MIJTTwBOizXiJdG6CHSp6Ztbrk2XB1lAogxiOIs0xB3a5fVyLC5QTF8Z9V66smDq2S3uh34If9Ya/lM28DRHlw=="
  },
  "js/70-b3819525.chunk.min.js": {
    "src": "js/70-b3819525.chunk.min.js",
    "integrity": "sha512-5D91f7s3m4wYKSbhTxAq9V9nMofCSMIr5ccdOOkzudJ9QVCaTbzRBKVb3CE09UwtfoYtar8ICtTz81T05sQJyA=="
  },
  "js/871-224df71d.chunk.min.js": {
    "src": "js/871-224df71d.chunk.min.js",
    "integrity": "sha512-vuJ4szABji2NytmNwd+AZVRKxc63r92Emr9MbaGjYMM2VNvbFpKeXyLDNZ/s/xkUyjY3F2X414xhDrFr2OuUcg=="
  },
  "js/180-2f8b886c.chunk.min.js": {
    "src": "js/180-2f8b886c.chunk.min.js",
    "integrity": "sha512-LvtJRezDXVSfzEevDwjqOkB114db70yVM9Mea+fZ3AZi3/+1YPAgaTlW8qf8mhif5xvHzg2xv7YK03llHi+DGQ=="
  },
  "js/59-4e6aefdb.chunk.min.js": {
    "src": "js/59-4e6aefdb.chunk.min.js",
    "integrity": "sha512-dEI7rJv+YxI6zRi7KjN47zUaiIGXpf9zBBOEP+FyVSqejbxAXG1cU2ePiNUufm6MvCa5bM1sJyjbtg+HX4WuqA=="
  },
  "js/422-cb2eea8f.chunk.min.js": {
    "src": "js/422-cb2eea8f.chunk.min.js",
    "integrity": "sha512-8cbmz/R9482rV3q5towPdcYUUmSiQoO2vwXFuuR5ax1JyPLVAHKYW6XnhhJlu41pJrOFO+gCZYCJPDRM/Z29jg=="
  },
  "js/604-23373755.chunk.min.js": {
    "src": "js/604-23373755.chunk.min.js",
    "integrity": "sha512-I8+A2ph+75Gv2M0i5l0BuIvR3phY5tu+nLD3GZmUdKLp4+b0KdXkFKmfODt67YOtPAStVCXpos4F/kO+odsrlA=="
  },
  "js/121-d1a55918.chunk.min.js": {
    "src": "js/121-d1a55918.chunk.min.js",
    "integrity": "sha512-SVdtEPZq5O6hnTgnP2eSldHLo0hQRw5+gk86TlTSJZw+d4ibgyP2Xw2ddr/VcVbpLGWN9+3BEo5G1FIiDPHdmQ=="
  },
  "js/786-fd40ccd8.chunk.min.js": {
    "src": "js/786-fd40ccd8.chunk.min.js",
    "integrity": "sha512-SFnAFbbcOfd6OGS1L+u8IjjgTSk3+Eh8gxQx+dzN+tFTzkdMs3egmlziVMoXpKoCjVcweStAhnOeiE5sdYQFpw=="
  },
  "js/274-27f9c754.chunk.min.js": {
    "src": "js/274-27f9c754.chunk.min.js",
    "integrity": "sha512-GiwL3ada9bPKFKD2O3N6Z1dnW6LG79dz0W54bnz1IezfbwO/vLDlrbL2LAXOF6TVhO2PSSH63pyzBeBdkG62NQ=="
  },
  "js/942-990d9d65.chunk.min.js": {
    "src": "js/942-990d9d65.chunk.min.js",
    "integrity": "sha512-dSP9U3U0NGSCSn/pXPzS+aN1CCp4Anqk//Fl9qhYHDYZvbV5y4pnHSvhjTpS/hTp89Qi+j71tUVSphxKp+MLmg=="
  },
  "js/967-d156c637.chunk.min.js": {
    "src": "js/967-d156c637.chunk.min.js",
    "integrity": "sha512-x0Z9WiXR2RRP6v4EoMcrAXhq42lKdiyyOkTQhKW77u1rxfcmwwJIBY6hoG3z0ERsC3fSNenMCgJ4HTht1nbzDA=="
  },
  "js/883-6461b2bd.chunk.min.js": {
    "src": "js/883-6461b2bd.chunk.min.js",
    "integrity": "sha512-oG0EcbFb130wY4yQ9ojeFTfGVCylXXMwO53/lhHX9O9NZ1gXeHgz1bXE2CuD819AATKbLY7LFQIOgtf+TUx7yg=="
  },
  "js/932-8c89cc25.chunk.min.js": {
    "src": "js/932-8c89cc25.chunk.min.js",
    "integrity": "sha512-tbxfszB1D8DGhagj6lHTRfNBZanHQxjD5taDs7JSznR8mcnr+wd2si7Tb5kSyzK4nwyMzSciHRFtaLlZN2ZbyA=="
  },
  "js/397-ba01d140.chunk.min.js": {
    "src": "js/397-ba01d140.chunk.min.js",
    "integrity": "sha512-chTiI5GEaO6jkqn72OnUUb0quALE0wZ1fLH6c/8zHIFxxwk33KzNdUXDeFsoEmVQ7qz5RhMUaTIKefFfIV03eg=="
  },
  "js/481-d115773f.chunk.min.js": {
    "src": "js/481-d115773f.chunk.min.js",
    "integrity": "sha512-2PfUAK2C95ScdoGh8N0AVXtJzw/7TnHLQstmPopUL48qf1cg8h4r9Xf7Uo/n+z0C2NtMuknXpy2zjECylxj3FA=="
  },
  "js/451-2756cb7b.chunk.min.js": {
    "src": "js/451-2756cb7b.chunk.min.js",
    "integrity": "sha512-0c1iHphy/QmCVLIQR+RZ5DpvVu5yw0eeHsFfd1trAWB1nQytTT1sfEir/VGUr6aFN7IUoKyCmAFhUQWHXDUbsQ=="
  },
  "js/235-fcc3127d.chunk.min.js": {
    "src": "js/235-fcc3127d.chunk.min.js",
    "integrity": "sha512-b2+r/vhYmxDewq4MUSVxVeXG8VaK6ojyS8Rcu5sXRBI9qQHNcg6TAGbu97CxwKfRKgwoWFqW04tjdwdBya+B3A=="
  },
  "js/444-3623a163.chunk.min.js": {
    "src": "js/444-3623a163.chunk.min.js",
    "integrity": "sha512-JlXjTL5Em+o+aF4pSOqMctoMMAIGW0/SbsbG3spIw9Gby0QD+HXZLZu8SaliMlLiSsWPp1zePstBcedZWyJtcA=="
  },
  "js/64-d58b402d.chunk.min.js": {
    "src": "js/64-d58b402d.chunk.min.js",
    "integrity": "sha512-OGCyeWUbUcwWP7kQrlmJ+oH037AnmMYgx8w9GdHGyhYm2qbmsqs/65N4QN+Jp1f/4rbySZI4Oi6dwcdqNl3jZQ=="
  },
  "js/443-d6f6f26e.chunk.min.js": {
    "src": "js/443-d6f6f26e.chunk.min.js",
    "integrity": "sha512-630WQxj1XVqhiXQd/m3oHN1Pk/G/cuT4Q1QhAsHGZd98TBQGcPeF3xphnWSvfNlF1JrkyhSul5Id6A0hW4Rz8w=="
  },
  "js/815-a8e719da.chunk.min.js": {
    "src": "js/815-a8e719da.chunk.min.js",
    "integrity": "sha512-j0NPPjSDMX3Arg2v7EtMF8aiETCylSWjv4LFhaesKoLRQ6G8suM2jshsYZfFUIeVrNejaT4gc4b0e2IQJaDN9A=="
  },
  "js/137-f0caf72e.chunk.min.js": {
    "src": "js/137-f0caf72e.chunk.min.js",
    "integrity": "sha512-SZrKXARpdDZ6L8jR9Y8zc5DNHWLSpXavG6iKjwJ7jI/VUGEnw63gkjZUGEveL0hh6KGaercD9Aung3yjLnfqLg=="
  },
  "main.scss": {
    "src": "main-ba0e2765.min.css",
    "integrity": "sha512-h7EvkyGW5yIpfNcu0wqf1U1eOFed2XIIpx+JSvv3wLmJu4H5Qaa+UmXAyYU5/BIW78AKPSmf9wPyonrv+PccWw=="
  },
  "katex.css": {
    "src": "katex-66092164.min.css",
    "integrity": "sha512-ng+uY3bZP0IENn+fO0T+jdk1v1r7HQJjsVRJgzU+UiJJadAevmo0gVNrpVxrBFGpRQqSz42q20uTre1C1Qrnow=="
  },
  "mobile.scss": {
    "src": "mobile-79ddc617.min.css",
    "integrity": "sha512-dzw2wMOouDwhSgstQKLbXD/vIqS48Ttc2IV6DeG7yam9yvKUuChJVaworzL8s2UoGMX4x2jEm50PjFJE4R4QWw=="
  },
  "print.scss": {
    "src": "print-735ccc12.min.css",
    "integrity": "sha512-c28KLNtBnKDW1+/bNWFhwuGBLw9octTXA2wnuaS2qlvpNFL0DytCapui9VM4YYkZg6e9TVp5LyuRQc2lTougDw=="
  },
  "custom.css": {
    "src": "custom.css",
    "integrity": "sha512-1kALo+zc1L2u1rvyxPIew+ZDPWhnIA1Ei2rib3eHHbskQW+EMxfI9Ayyva4aV+YRrHvH0zFxvPSFIuZ3mfsbRA=="
  }
}